{
  "packages" : {
    "benchmark" : {
      "version" : "1.8.0",
      "git_url" : "https://github.com/google/benchmark.git",
      "git_tag" : "v${version}"
    },
    "CCCL" : {
      "version" : "2.2.0",
      "git_url" : "https://github.com/NVIDIA/cccl.git",
      "git_tag" : "v${version}",
      "patches" : [
        {
          "file" : "cccl/bug_fixes.diff",
          "issue" : "CCCL installs header-search.cmake files in nondeterministic order and has a typo in checking target creation that leads to duplicates",
          "fixed_in" : "2.3"
        },
        {
          "file" : "cccl/hide_kernels.diff",
          "issue" : "Mark all cub and thrust kernels with hidden visibility [https://github.com/nvidia/cccl/pulls/443]",
          "fixed_in" : "2.3"
        },
        {
          "file" : "cccl/revert_pr_211.diff",
          "issue" : "thrust::copy introduced a change in behavior that causes failures with cudaErrorInvalidValue.",
          "fixed_in" : ""
        }
      ]
    },
    "cuco" : {
      "version" : "0.0.1",
      "git_shallow" : false,
      "git_url" : "https://github.com/NVIDIA/cuCollections.git",
      "git_tag" : "f823d30d6b08a60383266db25821074dbdbe5822",
      "patches" : [
        {
          "file" : "cuco/hide_kernels.diff",
          "issue" : "CUCO Mark all kernels with hidden visibility [https://github.com/NVIDIA/cuCollections/pull/422]",
          "fixed_in" : ""
        }
      ]
    },
    "fmt" : {
      "version" : "10.1.1",
      "git_url" : "https://github.com/fmtlib/fmt.git",
      "git_tag" : "${version}"
    },
    "GTest" : {
      "version" : "1.13.0",
      "git_url" : "https://github.com/google/googletest.git",
      "git_tag" : "v${version}"
    },
    "libcudacxx" : {
      "version" : "2.1.0",
      "git_url" : "https://github.com/NVIDIA/libcudacxx.git",
      "git_tag" : "${version}",
      "patches" : [
        {
          "file" : "libcudacxx/install_rules.diff",
          "issue" : "libcudacxx installs incorrect files [https://github.com/NVIDIA/libcudacxx/pull/428]",
          "fixed_in" : "2.2"
        },
        {
          "file" : "libcudacxx/reroot_support.diff",
          "issue" : "Support conda-forge usage of CMake rerooting [https://github.com/NVIDIA/libcudacxx/pull/490], requires libcudacxx/install_rules.diff.",
          "fixed_in" : "2.2"
        },
        {
          "file" : "libcudacxx/proclaim_return_type_nv_exec_check_disable.diff",
          "issue" : "Use pragma to disable execution checks in cuda::proclaim_return_type. [https://github.com/NVIDIA/libcudacxx/pull/448]",
          "fixed_in" : "2.2"
        },
        {
          "file" : "libcudacxx/memory_resource.diff",
          "issue" : "Allow {async_}resource_ref to be constructible from a pointer. [https://github.com/NVIDIA/libcudacxx/pull/439]",
          "fixed_in" : "2.2"
        }
      ]
    },
    "nvbench" : {
      "version" : "0.0",
      "git_shallow" : false,
      "git_url" : "https://github.com/NVIDIA/nvbench.git",
      "git_tag" : "978d81a0cba97e3f30508e3c0e3cd65ce94fb699"
    },
    "nvcomp" : {
      "version" : "3.0.6",
      "git_url" : "https://github.com/NVIDIA/nvcomp.git",
      "git_tag" : "v2.2.0",
      "proprietary_binary" : {
        "x86_64-linux" :  "https://developer.download.nvidia.com/compute/nvcomp/${version}/local_installers/nvcomp_${version}_x86_64_${cuda-toolkit-version-major}.x.tgz",
        "aarch64-linux" : "https://developer.download.nvidia.com/compute/nvcomp/${version}/local_installers/nvcomp_${version}_SBSA_${cuda-toolkit-version-major}.x.tgz"
      }
    },
    "rmm" : {
      "version" : "${rapids-cmake-version}",
      "git_url" : "https://github.com/rapidsai/rmm.git",
      "git_tag" : "branch-${version}"
    },
    "spdlog" : {
      "version" : "1.12.0",
      "git_url" : "https://github.com/gabime/spdlog.git",
      "git_tag" : "v${version}",
      "patches" : [
        {
          "file" : "spdlog/nvcc_constexpr_fix.diff",
          "issue" : "Fix constexpr mismatch between spdlog and fmt [https://github.com/gabime/spdlog/issues/2856]",
                "fixed_in" : "1.13"
        }
      ]
    },
    "Thrust" : {
      "version" : "1.17.2",
      "git_url" : "https://github.com/NVIDIA/thrust.git",
      "git_tag" : "${version}",
      "patches" : [
        {
          "file" : "Thrust/reroot_support.diff",
          "issue" : "Support conda-forge usage of CMake rerooting [https://github.com/NVIDIA/thrust/pull/1969]",
          "fixed_in" : "2.2"
        },
        {
          "file" : "Thrust/transform_iter_with_reduce_by_key.diff",
          "issue" : "Support transform iterator with reduce by key [https://github.com/NVIDIA/thrust/pull/1805]",
          "fixed_in" : "2.1"
        },
        {
          "file" : "Thrust/install_rules.diff",
          "issue" : "Thrust 1.X installs incorrect files [https://github.com/NVIDIA/thrust/issues/1790]",
          "fixed_in" : "2.0"
        }
      ]
    }
  }
}
